semester,term,year,enrollment,comments
SP19,2,2019,15422,Official ON-CAMPUS enrollment head counts for BYU-Idaho
FA19,3,2019,20592,
WI20,1,2020,19211,source
SP20,2,2020,14435,https://www.byui.edu/about/enrollment-and-demographics
FA20,3,2020,21337,"Accessed January 9, 2023"
WI21,1,2021,19683,
SP21,2,2021,16046,
FA21,3,2021,20262,
WI22,1,2022,18301,
SP22,2,2022,14156,
FA22,3,2022,19324,
WI23,1,2023,17627,
SP23,2,2023,12696,
FA23,3,2023,18594,
WI24,1,2024,17451,
SP24,2,2024,12467,
FA24,3,2024,19233,
WI25,1,2025,18592,
SP25,2,2025,12432,
FA25,3,2025,20677,
WI26,1,2026,20171,
SP26,2,2026,12723,
