year,month,decimal date,date,monthly_avg
1959,1,1959.0411,1/1/1959,315.58
1959,2,1959.126,2/1/1959,316.48
1959,3,1959.2027,3/1/1959,316.65
1959,4,1959.2877,4/1/1959,317.72
1959,5,1959.3699,5/1/1959,318.29
1959,6,1959.4548,6/1/1959,318.15
1959,7,1959.537,7/1/1959,316.54
1959,8,1959.6219,8/1/1959,314.8
1959,9,1959.7068,9/1/1959,313.84
1959,10,1959.789,10/1/1959,313.33
1959,11,1959.874,11/1/1959,314.81
1959,12,1959.9562,12/1/1959,315.58
1960,1,1960.041,1/1/1960,316.43
1960,2,1960.1257,2/1/1960,316.98
1960,3,1960.2049,3/1/1960,317.58
1960,4,1960.2896,4/1/1960,319.03
1960,5,1960.3716,5/1/1960,320.04
1960,6,1960.4563,6/1/1960,319.59
1960,7,1960.5383,7/1/1960,318.18
1960,8,1960.623,8/1/1960,315.9
1960,9,1960.7077,9/1/1960,314.17
1960,10,1960.7896,10/1/1960,313.83
1960,11,1960.8743,11/1/1960,315
1960,12,1960.9563,12/1/1960,316.19
1961,1,1961.0411,1/1/1961,316.89
1961,2,1961.126,2/1/1961,317.7
1961,3,1961.2027,3/1/1961,318.54
1961,4,1961.2877,4/1/1961,319.48
1961,5,1961.3699,5/1/1961,320.58
1961,6,1961.4548,6/1/1961,319.77
1961,7,1961.537,7/1/1961,318.57
1961,8,1961.6219,8/1/1961,316.79
1961,9,1961.7068,9/1/1961,314.99
1961,10,1961.789,10/1/1961,315.31
1961,11,1961.874,11/1/1961,316.1
1961,12,1961.9562,12/1/1961,317.01
1962,1,1962.0411,1/1/1962,317.94
1962,2,1962.126,2/1/1962,318.55
1962,3,1962.2027,3/1/1962,319.68
1962,4,1962.2877,4/1/1962,320.57
1962,5,1962.3699,5/1/1962,321.02
1962,6,1962.4548,6/1/1962,320.62
1962,7,1962.537,7/1/1962,319.61
1962,8,1962.6219,8/1/1962,317.4
1962,9,1962.7068,9/1/1962,316.25
1962,10,1962.789,10/1/1962,315.42
1962,11,1962.874,11/1/1962,316.69
1962,12,1962.9562,12/1/1962,317.7
1963,1,1963.0411,1/1/1963,318.74
1963,2,1963.126,2/1/1963,319.07
1963,3,1963.2027,3/1/1963,319.86
1963,4,1963.2877,4/1/1963,321.38
1963,5,1963.3699,5/1/1963,322.25
1963,6,1963.4548,6/1/1963,321.48
1963,7,1963.537,7/1/1963,319.74
1963,8,1963.6219,8/1/1963,317.77
1963,9,1963.7068,9/1/1963,316.21
1963,10,1963.789,10/1/1963,315.99
1963,11,1963.874,11/1/1963,317.07
1963,12,1963.9562,12/1/1963,318.35
1964,1,1964.041,1/1/1964,319.57
1964,2,1964.1257,2/1/1964,320.01
1964,3,1964.2049,3/1/1964,320.74
1964,4,1964.2896,4/1/1964,321.84
1964,5,1964.3716,5/1/1964,322.26
1964,6,1964.4563,6/1/1964,321.89
1964,7,1964.5383,7/1/1964,320.44
1964,8,1964.623,8/1/1964,318.69
1964,9,1964.7077,9/1/1964,316.7
1964,10,1964.7896,10/1/1964,316.87
1964,11,1964.8743,11/1/1964,317.68
1964,12,1964.9563,12/1/1964,318.71
1965,1,1965.0411,1/1/1965,319.44
1965,2,1965.126,2/1/1965,320.44
1965,3,1965.2027,3/1/1965,320.89
1965,4,1965.2877,4/1/1965,322.14
1965,5,1965.3699,5/1/1965,322.17
1965,6,1965.4548,6/1/1965,321.87
1965,7,1965.537,7/1/1965,321.21
1965,8,1965.6219,8/1/1965,318.87
1965,9,1965.7068,9/1/1965,317.81
1965,10,1965.789,10/1/1965,317.3
1965,11,1965.874,11/1/1965,318.87
1965,12,1965.9562,12/1/1965,319.42
1966,1,1966.0411,1/1/1966,320.62
1966,2,1966.126,2/1/1966,321.6
1966,3,1966.2027,3/1/1966,322.39
1966,4,1966.2877,4/1/1966,323.7
1966,5,1966.3699,5/1/1966,324.08
1966,6,1966.4548,6/1/1966,323.75
1966,7,1966.537,7/1/1966,322.38
1966,8,1966.6219,8/1/1966,320.36
1966,9,1966.7068,9/1/1966,318.64
1966,10,1966.789,10/1/1966,318.1
1966,11,1966.874,11/1/1966,319.78
1966,12,1966.9562,12/1/1966,321.03
1967,1,1967.0411,1/1/1967,322.33
1967,2,1967.126,2/1/1967,322.5
1967,3,1967.2027,3/1/1967,323.04
1967,4,1967.2877,4/1/1967,324.42
1967,5,1967.3699,5/1/1967,325
1967,6,1967.4548,6/1/1967,324.09
1967,7,1967.537,7/1/1967,322.54
1967,8,1967.6219,8/1/1967,320.92
1967,9,1967.7068,9/1/1967,319.25
1967,10,1967.789,10/1/1967,319.39
1967,11,1967.874,11/1/1967,320.73
1967,12,1967.9562,12/1/1967,321.96
1968,1,1968.041,1/1/1968,322.57
1968,2,1968.1257,2/1/1968,323.15
1968,3,1968.2049,3/1/1968,323.89
1968,4,1968.2896,4/1/1968,325.02
1968,5,1968.3716,5/1/1968,325.57
1968,6,1968.4563,6/1/1968,325.36
1968,7,1968.5383,7/1/1968,324.14
1968,8,1968.623,8/1/1968,322.11
1968,9,1968.7077,9/1/1968,320.33
1968,10,1968.7896,10/1/1968,320.25
1968,11,1968.8743,11/1/1968,321.32
1968,12,1968.9563,12/1/1968,322.89
1969,1,1969.0411,1/1/1969,324
1969,2,1969.126,2/1/1969,324.42
1969,3,1969.2027,3/1/1969,325.63
1969,4,1969.2877,4/1/1969,326.66
1969,5,1969.3699,5/1/1969,327.38
1969,6,1969.4548,6/1/1969,326.71
1969,7,1969.537,7/1/1969,325.88
1969,8,1969.6219,8/1/1969,323.66
1969,9,1969.7068,9/1/1969,322.38
1969,10,1969.789,10/1/1969,321.78
1969,11,1969.874,11/1/1969,322.86
1969,12,1969.9562,12/1/1969,324.12
1970,1,1970.0411,1/1/1970,325.06
1970,2,1970.126,2/1/1970,325.98
1970,3,1970.2027,3/1/1970,326.93
1970,4,1970.2877,4/1/1970,328.13
1970,5,1970.3699,5/1/1970,328.08
1970,6,1970.4548,6/1/1970,327.67
1970,7,1970.537,7/1/1970,326.34
1970,8,1970.6219,8/1/1970,324.69
1970,9,1970.7068,9/1/1970,323.1
1970,10,1970.789,10/1/1970,323.06
1970,11,1970.874,11/1/1970,324.01
1970,12,1970.9562,12/1/1970,325.13
1971,1,1971.0411,1/1/1971,326.17
1971,2,1971.126,2/1/1971,326.68
1971,3,1971.2027,3/1/1971,327.17
1971,4,1971.2877,4/1/1971,327.79
1971,5,1971.3699,5/1/1971,328.93
1971,6,1971.4548,6/1/1971,328.57
1971,7,1971.537,7/1/1971,327.36
1971,8,1971.6219,8/1/1971,325.43
1971,9,1971.7068,9/1/1971,323.36
1971,10,1971.789,10/1/1971,323.56
1971,11,1971.874,11/1/1971,324.8
1971,12,1971.9562,12/1/1971,326.01
1972,1,1972.041,1/1/1972,326.77
1972,2,1972.1257,2/1/1972,327.63
1972,3,1972.2049,3/1/1972,327.75
1972,4,1972.2896,4/1/1972,329.72
1972,5,1972.3716,5/1/1972,330.07
1972,6,1972.4563,6/1/1972,329.09
1972,7,1972.5383,7/1/1972,328.04
1972,8,1972.623,8/1/1972,326.32
1972,9,1972.7077,9/1/1972,324.84
1972,10,1972.7896,10/1/1972,325.2
1972,11,1972.8743,11/1/1972,326.5
1972,12,1972.9563,12/1/1972,327.55
1973,1,1973.0411,1/1/1973,328.55
1973,2,1973.126,2/1/1973,329.56
1973,3,1973.2027,3/1/1973,330.3
1973,4,1973.2877,4/1/1973,331.5
1973,5,1973.3699,5/1/1973,332.48
1973,6,1973.4548,6/1/1973,332.07
1973,7,1973.537,7/1/1973,330.87
1973,8,1973.6219,8/1/1973,329.31
1973,9,1973.7068,9/1/1973,327.51
1973,10,1973.789,10/1/1973,327.18
1973,11,1973.874,11/1/1973,328.16
1973,12,1973.9562,12/1/1973,328.64
1974,1,1974.0411,1/1/1974,329.35
1974,2,1974.126,2/1/1974,330.71
1974,3,1974.2027,3/1/1974,331.48
1974,4,1974.2877,4/1/1974,332.65
1974,5,1974.375,5/1/1974,333.18
1974,6,1974.4583,6/1/1974,332.2
1974,7,1974.5417,7/1/1974,331.07
1974,8,1974.625,8/1/1974,329.15
1974,9,1974.7083,9/1/1974,327.33
1974,10,1974.7917,10/1/1974,327.28
1974,11,1974.875,11/1/1974,328.31
1974,12,1974.9583,12/1/1974,329.58
1975,1,1975.0417,1/1/1975,330.73
1975,2,1975.125,2/1/1975,331.46
1975,3,1975.2083,3/1/1975,331.94
1975,4,1975.2917,4/1/1975,333.11
1975,5,1975.375,5/1/1975,333.95
1975,6,1975.4583,6/1/1975,333.42
1975,7,1975.5417,7/1/1975,331.97
1975,8,1975.625,8/1/1975,329.95
1975,9,1975.7083,9/1/1975,328.5
1975,10,1975.7917,10/1/1975,328.36
1975,11,1975.875,11/1/1975,329.38
1975,12,1975.9583,12/1/1975,330.77
1976,1,1976.0417,1/1/1976,331.56
1976,2,1976.125,2/1/1976,332.74
1976,3,1976.2083,3/1/1976,333.36
1976,4,1976.2917,4/1/1976,334.74
1976,5,1976.375,5/1/1976,334.72
1976,6,1976.4583,6/1/1976,333.98
1976,7,1976.5417,7/1/1976,333.08
1976,8,1976.625,8/1/1976,330.68
1976,9,1976.7083,9/1/1976,328.96
1976,10,1976.7917,10/1/1976,328.72
1976,11,1976.875,11/1/1976,330.16
1976,12,1976.9583,12/1/1976,331.62
1977,1,1977.0417,1/1/1977,332.68
1977,2,1977.125,2/1/1977,333.17
1977,3,1977.2083,3/1/1977,334.96
1977,4,1977.2917,4/1/1977,336.14
1977,5,1977.375,5/1/1977,336.93
1977,6,1977.4583,6/1/1977,336.17
1977,7,1977.5417,7/1/1977,334.89
1977,8,1977.625,8/1/1977,332.56
1977,9,1977.7083,9/1/1977,331.29
1977,10,1977.7917,10/1/1977,331.28
1977,11,1977.875,11/1/1977,332.46
1977,12,1977.9583,12/1/1977,333.6
1978,1,1978.0417,1/1/1978,334.94
1978,2,1978.125,2/1/1978,335.26
1978,3,1978.2083,3/1/1978,336.66
1978,4,1978.2917,4/1/1978,337.69
1978,5,1978.375,5/1/1978,338.02
1978,6,1978.4583,6/1/1978,338.01
1978,7,1978.5417,7/1/1978,336.5
1978,8,1978.625,8/1/1978,334.42
1978,9,1978.7083,9/1/1978,332.36
1978,10,1978.7917,10/1/1978,332.45
1978,11,1978.875,11/1/1978,333.76
1978,12,1978.9583,12/1/1978,334.91
1979,1,1979.0417,1/1/1979,336.14
1979,2,1979.125,2/1/1979,336.69
1979,3,1979.2083,3/1/1979,338.27
1979,4,1979.2917,4/1/1979,338.82
1979,5,1979.375,5/1/1979,339.24
1979,6,1979.4583,6/1/1979,339.26
1979,7,1979.5417,7/1/1979,337.54
1979,8,1979.625,8/1/1979,335.72
1979,9,1979.7083,9/1/1979,333.97
1979,10,1979.7917,10/1/1979,334.24
1979,11,1979.875,11/1/1979,335.32
1979,12,1979.9583,12/1/1979,336.81
1980,1,1980.0417,1/1/1980,337.9
1980,2,1980.125,2/1/1980,338.34
1980,3,1980.2083,3/1/1980,340.07
1980,4,1980.2917,4/1/1980,340.93
1980,5,1980.375,5/1/1980,341.45
1980,6,1980.4583,6/1/1980,341.36
1980,7,1980.5417,7/1/1980,339.45
1980,8,1980.625,8/1/1980,337.67
1980,9,1980.7083,9/1/1980,336.25
1980,10,1980.7917,10/1/1980,336.14
1980,11,1980.875,11/1/1980,337.3
1980,12,1980.9583,12/1/1980,338.29
1981,1,1981.0417,1/1/1981,339.29
1981,2,1981.125,2/1/1981,340.55
1981,3,1981.2083,3/1/1981,341.63
1981,4,1981.2917,4/1/1981,342.6
1981,5,1981.375,5/1/1981,343.03
1981,6,1981.4583,6/1/1981,342.54
1981,7,1981.5417,7/1/1981,340.82
1981,8,1981.625,8/1/1981,338.48
1981,9,1981.7083,9/1/1981,336.95
1981,10,1981.7917,10/1/1981,337.05
1981,11,1981.875,11/1/1981,338.57
1981,12,1981.9583,12/1/1981,339.91
1982,1,1982.0417,1/1/1982,340.93
1982,2,1982.125,2/1/1982,341.76
1982,3,1982.2083,3/1/1982,342.77
1982,4,1982.2917,4/1/1982,343.96
1982,5,1982.375,5/1/1982,344.77
1982,6,1982.4583,6/1/1982,343.88
1982,7,1982.5417,7/1/1982,342.42
1982,8,1982.625,8/1/1982,340.24
1982,9,1982.7083,9/1/1982,338.38
1982,10,1982.7917,10/1/1982,338.41
1982,11,1982.875,11/1/1982,339.44
1982,12,1982.9583,12/1/1982,340.78
1983,1,1983.0417,1/1/1983,341.57
1983,2,1983.125,2/1/1983,342.79
1983,3,1983.2083,3/1/1983,343.37
1983,4,1983.2917,4/1/1983,345.39
1983,5,1983.375,5/1/1983,346.14
1983,6,1983.4583,6/1/1983,345.76
1983,7,1983.5417,7/1/1983,344.32
1983,8,1983.625,8/1/1983,342.51
1983,9,1983.7083,9/1/1983,340.46
1983,10,1983.7917,10/1/1983,340.53
1983,11,1983.875,11/1/1983,341.79
1983,12,1983.9583,12/1/1983,343.2
1984,1,1984.0417,1/1/1984,344.21
1984,2,1984.125,2/1/1984,344.92
1984,3,1984.2083,3/1/1984,345.68
1984,4,1984.2917,4/1/1984,347.37
1984,5,1984.375,5/1/1984,347.78
1984,6,1984.4583,6/1/1984,347.16
1984,7,1984.5417,7/1/1984,345.79
1984,8,1984.625,8/1/1984,343.74
1984,9,1984.7083,9/1/1984,341.59
1984,10,1984.7917,10/1/1984,341.86
1984,11,1984.875,11/1/1984,343.31
1984,12,1984.9583,12/1/1984,345
1985,1,1985.0417,1/1/1985,345.48
1985,2,1985.125,2/1/1985,346.42
1985,3,1985.2083,3/1/1985,347.91
1985,4,1985.2917,4/1/1985,348.66
1985,5,1985.375,5/1/1985,349.28
1985,6,1985.4583,6/1/1985,348.65
1985,7,1985.5417,7/1/1985,346.9
1985,8,1985.625,8/1/1985,345.26
1985,9,1985.7083,9/1/1985,343.47
1985,10,1985.7917,10/1/1985,343.35
1985,11,1985.875,11/1/1985,344.73
1985,12,1985.9583,12/1/1985,346.12
1986,1,1986.0417,1/1/1986,346.78
1986,2,1986.125,2/1/1986,347.48
1986,3,1986.2083,3/1/1986,348.25
1986,4,1986.2917,4/1/1986,349.86
1986,5,1986.375,5/1/1986,350.52
1986,6,1986.4583,6/1/1986,349.98
1986,7,1986.5417,7/1/1986,348.25
1986,8,1986.625,8/1/1986,346.17
1986,9,1986.7083,9/1/1986,345.48
1986,10,1986.7917,10/1/1986,344.82
1986,11,1986.875,11/1/1986,346.22
1986,12,1986.9583,12/1/1986,347.49
1987,1,1987.0417,1/1/1987,348.73
1987,2,1987.125,2/1/1987,348.92
1987,3,1987.2083,3/1/1987,349.81
1987,4,1987.2917,4/1/1987,351.4
1987,5,1987.375,5/1/1987,352.15
1987,6,1987.4583,6/1/1987,351.58
1987,7,1987.5417,7/1/1987,350.21
1987,8,1987.625,8/1/1987,348.2
1987,9,1987.7083,9/1/1987,346.66
1987,10,1987.7917,10/1/1987,346.72
1987,11,1987.875,11/1/1987,348.08
1987,12,1987.9583,12/1/1987,349.28
1988,1,1988.0417,1/1/1988,350.51
1988,2,1988.125,2/1/1988,351.7
1988,3,1988.2083,3/1/1988,352.5
1988,4,1988.2917,4/1/1988,353.67
1988,5,1988.375,5/1/1988,354.35
1988,6,1988.4583,6/1/1988,353.88
1988,7,1988.5417,7/1/1988,352.8
1988,8,1988.625,8/1/1988,350.49
1988,9,1988.7083,9/1/1988,348.97
1988,10,1988.7917,10/1/1988,349.37
1988,11,1988.875,11/1/1988,350.42
1988,12,1988.9583,12/1/1988,351.62
1989,1,1989.0417,1/1/1989,353.07
1989,2,1989.125,2/1/1989,353.43
1989,3,1989.2083,3/1/1989,354.08
1989,4,1989.2917,4/1/1989,355.72
1989,5,1989.375,5/1/1989,355.95
1989,6,1989.4583,6/1/1989,355.44
1989,7,1989.5417,7/1/1989,354.05
1989,8,1989.625,8/1/1989,351.84
1989,9,1989.7083,9/1/1989,350.09
1989,10,1989.7917,10/1/1989,350.33
1989,11,1989.875,11/1/1989,351.55
1989,12,1989.9583,12/1/1989,352.91
1990,1,1990.0417,1/1/1990,353.86
1990,2,1990.125,2/1/1990,355.1
1990,3,1990.2083,3/1/1990,355.75
1990,4,1990.2917,4/1/1990,356.38
1990,5,1990.375,5/1/1990,357.38
1990,6,1990.4583,6/1/1990,356.39
1990,7,1990.5417,7/1/1990,354.89
1990,8,1990.625,8/1/1990,353.06
1990,9,1990.7083,9/1/1990,351.38
1990,10,1990.7917,10/1/1990,351.69
1990,11,1990.875,11/1/1990,353.14
1990,12,1990.9583,12/1/1990,354.41
1991,1,1991.0417,1/1/1991,354.93
1991,2,1991.125,2/1/1991,355.82
1991,3,1991.2083,3/1/1991,357.33
1991,4,1991.2917,4/1/1991,358.77
1991,5,1991.375,5/1/1991,359.23
1991,6,1991.4583,6/1/1991,358.23
1991,7,1991.5417,7/1/1991,356.3
1991,8,1991.625,8/1/1991,353.97
1991,9,1991.7083,9/1/1991,352.34
1991,10,1991.7917,10/1/1991,352.43
1991,11,1991.875,11/1/1991,353.89
1991,12,1991.9583,12/1/1991,355.21
1992,1,1992.0417,1/1/1992,356.34
1992,2,1992.125,2/1/1992,357.21
1992,3,1992.2083,3/1/1992,357.97
1992,4,1992.2917,4/1/1992,359.22
1992,5,1992.375,5/1/1992,359.71
1992,6,1992.4583,6/1/1992,359.44
1992,7,1992.5417,7/1/1992,357.15
1992,8,1992.625,8/1/1992,354.99
1992,9,1992.7083,9/1/1992,353.01
1992,10,1992.7917,10/1/1992,353.41
1992,11,1992.875,11/1/1992,354.42
1992,12,1992.9583,12/1/1992,355.68
1993,1,1993.0417,1/1/1993,357.1
1993,2,1993.125,2/1/1993,357.42
1993,3,1993.2083,3/1/1993,358.59
1993,4,1993.2917,4/1/1993,359.39
1993,5,1993.375,5/1/1993,360.31
1993,6,1993.4583,6/1/1993,359.64
1993,7,1993.5417,7/1/1993,357.45
1993,8,1993.625,8/1/1993,355.76
1993,9,1993.7083,9/1/1993,354.14
1993,10,1993.7917,10/1/1993,354.23
1993,11,1993.875,11/1/1993,355.53
1993,12,1993.9583,12/1/1993,357.03
1994,1,1994.0417,1/1/1994,358.36
1994,2,1994.125,2/1/1994,359.04
1994,3,1994.2083,3/1/1994,360.11
1994,4,1994.2917,4/1/1994,361.36
1994,5,1994.375,5/1/1994,361.78
1994,6,1994.4583,6/1/1994,360.94
1994,7,1994.5417,7/1/1994,359.51
1994,8,1994.625,8/1/1994,357.59
1994,9,1994.7083,9/1/1994,355.86
1994,10,1994.7917,10/1/1994,356.21
1994,11,1994.875,11/1/1994,357.65
1994,12,1994.9583,12/1/1994,359.1
1995,1,1995.0417,1/1/1995,360.04
1995,2,1995.125,2/1/1995,361
1995,3,1995.2083,3/1/1995,361.98
1995,4,1995.2917,4/1/1995,363.44
1995,5,1995.375,5/1/1995,363.83
1995,6,1995.4583,6/1/1995,363.33
1995,7,1995.5417,7/1/1995,361.78
1995,8,1995.625,8/1/1995,359.33
1995,9,1995.7083,9/1/1995,358.32
1995,10,1995.7917,10/1/1995,358.14
1995,11,1995.875,11/1/1995,359.61
1995,12,1995.9583,12/1/1995,360.82
1996,1,1996.0417,1/1/1996,362.2
1996,2,1996.125,2/1/1996,363.36
1996,3,1996.2083,3/1/1996,364.28
1996,4,1996.2917,4/1/1996,364.69
1996,5,1996.375,5/1/1996,365.25
1996,6,1996.4583,6/1/1996,365.06
1996,7,1996.5417,7/1/1996,363.69
1996,8,1996.625,8/1/1996,361.55
1996,9,1996.7083,9/1/1996,359.69
1996,10,1996.7917,10/1/1996,359.72
1996,11,1996.875,11/1/1996,361.04
1996,12,1996.9583,12/1/1996,362.39
1997,1,1997.0417,1/1/1997,363.24
1997,2,1997.125,2/1/1997,364.21
1997,3,1997.2083,3/1/1997,364.65
1997,4,1997.2917,4/1/1997,366.48
1997,5,1997.375,5/1/1997,366.77
1997,6,1997.4583,6/1/1997,365.73
1997,7,1997.5417,7/1/1997,364.46
1997,8,1997.625,8/1/1997,362.4
1997,9,1997.7083,9/1/1997,360.44
1997,10,1997.7917,10/1/1997,360.98
1997,11,1997.875,11/1/1997,362.65
1997,12,1997.9583,12/1/1997,364.51
1998,1,1998.0417,1/1/1998,365.39
1998,2,1998.125,2/1/1998,366.1
1998,3,1998.2083,3/1/1998,367.36
1998,4,1998.2917,4/1/1998,368.79
1998,5,1998.375,5/1/1998,369.56
1998,6,1998.4583,6/1/1998,369.13
1998,7,1998.5417,7/1/1998,367.98
1998,8,1998.625,8/1/1998,366.1
1998,9,1998.7083,9/1/1998,364.16
1998,10,1998.7917,10/1/1998,364.54
1998,11,1998.875,11/1/1998,365.67
1998,12,1998.9583,12/1/1998,367.3
1999,1,1999.0417,1/1/1999,368.35
1999,2,1999.125,2/1/1999,369.28
1999,3,1999.2083,3/1/1999,369.84
1999,4,1999.2917,4/1/1999,371.15
1999,5,1999.375,5/1/1999,371.12
1999,6,1999.4583,6/1/1999,370.46
1999,7,1999.5417,7/1/1999,369.61
1999,8,1999.625,8/1/1999,367.06
1999,9,1999.7083,9/1/1999,364.95
1999,10,1999.7917,10/1/1999,365.52
1999,11,1999.875,11/1/1999,366.88
1999,12,1999.9583,12/1/1999,368.26
2000,1,2000.0417,1/1/2000,369.45
2000,2,2000.125,2/1/2000,369.71
2000,3,2000.2083,3/1/2000,370.75
2000,4,2000.2917,4/1/2000,371.98
2000,5,2000.375,5/1/2000,371.75
2000,6,2000.4583,6/1/2000,371.87
2000,7,2000.5417,7/1/2000,370.02
2000,8,2000.625,8/1/2000,368.27
2000,9,2000.7083,9/1/2000,367.15
2000,10,2000.7917,10/1/2000,367.18
2000,11,2000.875,11/1/2000,368.53
2000,12,2000.9583,12/1/2000,369.83
2001,1,2001.0417,1/1/2001,370.76
2001,2,2001.125,2/1/2001,371.69
2001,3,2001.2083,3/1/2001,372.63
2001,4,2001.2917,4/1/2001,373.55
2001,5,2001.375,5/1/2001,374.03
2001,6,2001.4583,6/1/2001,373.4
2001,7,2001.5417,7/1/2001,371.68
2001,8,2001.625,8/1/2001,369.78
2001,9,2001.7083,9/1/2001,368.34
2001,10,2001.7917,10/1/2001,368.61
2001,11,2001.875,11/1/2001,369.94
2001,12,2001.9583,12/1/2001,371.42
2002,1,2002.0417,1/1/2002,372.7
2002,2,2002.125,2/1/2002,373.37
2002,3,2002.2083,3/1/2002,374.29
2002,4,2002.2917,4/1/2002,375.19
2002,5,2002.375,5/1/2002,375.93
2002,6,2002.4583,6/1/2002,375.69
2002,7,2002.5417,7/1/2002,374.16
2002,8,2002.625,8/1/2002,372.03
2002,9,2002.7083,9/1/2002,370.92
2002,10,2002.7917,10/1/2002,370.73
2002,11,2002.875,11/1/2002,372.43
2002,12,2002.9583,12/1/2002,373.98
2003,1,2003.0417,1/1/2003,375.07
2003,2,2003.125,2/1/2003,375.82
2003,3,2003.2083,3/1/2003,376.64
2003,4,2003.2917,4/1/2003,377.92
2003,5,2003.375,5/1/2003,378.78
2003,6,2003.4583,6/1/2003,378.46
2003,7,2003.5417,7/1/2003,376.88
2003,8,2003.625,8/1/2003,374.57
2003,9,2003.7083,9/1/2003,373.34
2003,10,2003.7917,10/1/2003,373.31
2003,11,2003.875,11/1/2003,374.84
2003,12,2003.9583,12/1/2003,376.17
2004,1,2004.0417,1/1/2004,377.17
2004,2,2004.125,2/1/2004,378.05
2004,3,2004.2083,3/1/2004,379.06
2004,4,2004.2917,4/1/2004,380.54
2004,5,2004.375,5/1/2004,380.8
2004,6,2004.4583,6/1/2004,379.87
2004,7,2004.5417,7/1/2004,377.65
2004,8,2004.625,8/1/2004,376.17
2004,9,2004.7083,9/1/2004,374.43
2004,10,2004.7917,10/1/2004,374.63
2004,11,2004.875,11/1/2004,376.33
2004,12,2004.9583,12/1/2004,377.68
2005,1,2005.0417,1/1/2005,378.63
2005,2,2005.125,2/1/2005,379.91
2005,3,2005.2083,3/1/2005,380.95
2005,4,2005.2917,4/1/2005,382.48
2005,5,2005.375,5/1/2005,382.64
2005,6,2005.4583,6/1/2005,382.4
2005,7,2005.5417,7/1/2005,380.93
2005,8,2005.625,8/1/2005,378.93
2005,9,2005.7083,9/1/2005,376.89
2005,10,2005.7917,10/1/2005,377.19
2005,11,2005.875,11/1/2005,378.54
2005,12,2005.9583,12/1/2005,380.31
2006,1,2006.0417,1/1/2006,381.58
2006,2,2006.125,2/1/2006,382.4
2006,3,2006.2083,3/1/2006,382.86
2006,4,2006.2917,4/1/2006,384.8
2006,5,2006.375,5/1/2006,385.22
2006,6,2006.4583,6/1/2006,384.24
2006,7,2006.5417,7/1/2006,382.65
2006,8,2006.625,8/1/2006,380.6
2006,9,2006.7083,9/1/2006,379.04
2006,10,2006.7917,10/1/2006,379.33
2006,11,2006.875,11/1/2006,380.35
2006,12,2006.9583,12/1/2006,382.02
2007,1,2007.0417,1/1/2007,383.1
2007,2,2007.125,2/1/2007,384.12
2007,3,2007.2083,3/1/2007,384.81
2007,4,2007.2917,4/1/2007,386.73
2007,5,2007.375,5/1/2007,386.78
2007,6,2007.4583,6/1/2007,386.33
2007,7,2007.5417,7/1/2007,384.73
2007,8,2007.625,8/1/2007,382.24
2007,9,2007.7083,9/1/2007,381.2
2007,10,2007.7917,10/1/2007,381.37
2007,11,2007.875,11/1/2007,382.7
2007,12,2007.9583,12/1/2007,384.19
2008,1,2008.0417,1/1/2008,385.78
2008,2,2008.125,2/1/2008,386.06
2008,3,2008.2083,3/1/2008,386.28
2008,4,2008.2917,4/1/2008,387.34
2008,5,2008.375,5/1/2008,388.78
2008,6,2008.4583,6/1/2008,387.99
2008,7,2008.5417,7/1/2008,386.61
2008,8,2008.625,8/1/2008,384.32
2008,9,2008.7083,9/1/2008,383.41
2008,10,2008.7917,10/1/2008,383.21
2008,11,2008.875,11/1/2008,384.41
2008,12,2008.9583,12/1/2008,385.79
2009,1,2009.0417,1/1/2009,387.17
2009,2,2009.125,2/1/2009,387.7
2009,3,2009.2083,3/1/2009,389.04
2009,4,2009.2917,4/1/2009,389.76
2009,5,2009.375,5/1/2009,390.36
2009,6,2009.4583,6/1/2009,389.7
2009,7,2009.5417,7/1/2009,388.24
2009,8,2009.625,8/1/2009,386.29
2009,9,2009.7083,9/1/2009,384.95
2009,10,2009.7917,10/1/2009,384.64
2009,11,2009.875,11/1/2009,386.23
2009,12,2009.9583,12/1/2009,387.63
2010,1,2010.0417,1/1/2010,388.91
2010,2,2010.125,2/1/2010,390.41
2010,3,2010.2083,3/1/2010,391.37
2010,4,2010.2917,4/1/2010,392.67
2010,5,2010.375,5/1/2010,393.21
2010,6,2010.4583,6/1/2010,392.38
2010,7,2010.5417,7/1/2010,390.41
2010,8,2010.625,8/1/2010,388.54
2010,9,2010.7083,9/1/2010,387.03
2010,10,2010.7917,10/1/2010,387.43
2010,11,2010.875,11/1/2010,388.87
2010,12,2010.9583,12/1/2010,389.99
2011,1,2011.0417,1/1/2011,391.5
2011,2,2011.125,2/1/2011,392.05
2011,3,2011.2083,3/1/2011,392.8
2011,4,2011.2917,4/1/2011,393.44
2011,5,2011.375,5/1/2011,394.41
2011,6,2011.4583,6/1/2011,393.95
2011,7,2011.5417,7/1/2011,392.72
2011,8,2011.625,8/1/2011,390.33
2011,9,2011.7083,9/1/2011,389.28
2011,10,2011.7917,10/1/2011,389.19
2011,11,2011.875,11/1/2011,390.48
2011,12,2011.9583,12/1/2011,392.06
2012,1,2012.0417,1/1/2012,393.31
2012,2,2012.125,2/1/2012,394.04
2012,3,2012.2083,3/1/2012,394.59
2012,4,2012.2917,4/1/2012,396.38
2012,5,2012.375,5/1/2012,396.93
2012,6,2012.4583,6/1/2012,395.91
2012,7,2012.5417,7/1/2012,394.56
2012,8,2012.625,8/1/2012,392.59
2012,9,2012.7083,9/1/2012,391.32
2012,10,2012.7917,10/1/2012,391.27
2012,11,2012.875,11/1/2012,393.2
2012,12,2012.9583,12/1/2012,394.57
2013,1,2013.0417,1/1/2013,395.78
2013,2,2013.125,2/1/2013,397.03
2013,3,2013.2083,3/1/2013,397.66
2013,4,2013.2917,4/1/2013,398.64
2013,5,2013.375,5/1/2013,400.02
2013,6,2013.4583,6/1/2013,398.81
2013,7,2013.5417,7/1/2013,397.51
2013,8,2013.625,8/1/2013,395.39
2013,9,2013.7083,9/1/2013,393.72
2013,10,2013.7917,10/1/2013,393.9
2013,11,2013.875,11/1/2013,395.36
2013,12,2013.9583,12/1/2013,397.03
2014,1,2014.0417,1/1/2014,398.04
2014,2,2014.125,2/1/2014,398.27
2014,3,2014.2083,3/1/2014,399.91
2014,4,2014.2917,4/1/2014,401.51
2014,5,2014.375,5/1/2014,401.96
2014,6,2014.4583,6/1/2014,401.43
2014,7,2014.5417,7/1/2014,399.27
2014,8,2014.625,8/1/2014,397.18
2014,9,2014.7083,9/1/2014,395.54
2014,10,2014.7917,10/1/2014,396.16
2014,11,2014.875,11/1/2014,397.4
2014,12,2014.9583,12/1/2014,399.08
2015,1,2015.0417,1/1/2015,400.18
2015,2,2015.125,2/1/2015,400.55
2015,3,2015.2083,3/1/2015,401.74
2015,4,2015.2917,4/1/2015,403.34
2015,5,2015.375,5/1/2015,404.15
2015,6,2015.4583,6/1/2015,402.97
2015,7,2015.5417,7/1/2015,401.46
2015,8,2015.625,8/1/2015,399.11
2015,9,2015.7083,9/1/2015,397.82
2015,10,2015.7917,10/1/2015,398.49
2015,11,2015.875,11/1/2015,400.27
2015,12,2015.9583,12/1/2015,402.06
2016,1,2016.0417,1/1/2016,402.73
2016,2,2016.125,2/1/2016,404.25
2016,3,2016.2083,3/1/2016,405.06
2016,4,2016.2917,4/1/2016,407.6
2016,5,2016.375,5/1/2016,407.9
2016,6,2016.4583,6/1/2016,406.99
2016,7,2016.5417,7/1/2016,404.59
2016,8,2016.625,8/1/2016,402.45
2016,9,2016.7083,9/1/2016,401.23
2016,10,2016.7917,10/1/2016,401.79
2016,11,2016.875,11/1/2016,403.72
2016,12,2016.9583,12/1/2016,404.64
2017,1,2017.0417,1/1/2017,406.36
2017,2,2017.125,2/1/2017,406.66
2017,3,2017.2083,3/1/2017,407.54
2017,4,2017.2917,4/1/2017,409.22
2017,5,2017.375,5/1/2017,409.89
2017,6,2017.4583,6/1/2017,409.08
2017,7,2017.5417,7/1/2017,407.33
2017,8,2017.625,8/1/2017,405.32
2017,9,2017.7083,9/1/2017,403.57
2017,10,2017.7917,10/1/2017,403.82
2017,11,2017.875,11/1/2017,405.31
2017,12,2017.9583,12/1/2017,407
2018,1,2018.0417,1/1/2018,408.15
2018,2,2018.125,2/1/2018,408.52
2018,3,2018.2083,3/1/2018,409.59
2018,4,2018.2917,4/1/2018,410.45
2018,5,2018.375,5/1/2018,411.44
2018,6,2018.4583,6/1/2018,410.99
2018,7,2018.5417,7/1/2018,408.9
2018,8,2018.625,8/1/2018,407.16
2018,9,2018.7083,9/1/2018,405.71
2018,10,2018.7917,10/1/2018,406.19
2018,11,2018.875,11/1/2018,408.21
2018,12,2018.9583,12/1/2018,409.27
2019,1,2019.0417,1/1/2019,411.03
2019,2,2019.125,2/1/2019,411.96
2019,3,2019.2083,3/1/2019,412.18
2019,4,2019.2917,4/1/2019,413.54
2019,5,2019.375,5/1/2019,414.86
2019,6,2019.4583,6/1/2019,414.15
2019,7,2019.5417,7/1/2019,411.96
2019,8,2019.625,8/1/2019,410.17
2019,9,2019.7083,9/1/2019,408.76
2019,10,2019.7917,10/1/2019,408.74
2019,11,2019.875,11/1/2019,410.47
2019,12,2019.9583,12/1/2019,411.97
2020,1,2020.0417,1/1/2020,413.59
2020,2,2020.125,2/1/2020,414.32
2020,3,2020.2083,3/1/2020,414.71
2020,4,2020.2917,4/1/2020,416.42
2020,5,2020.375,5/1/2020,417.28
2020,6,2020.4583,6/1/2020,416.58
2020,7,2020.5417,7/1/2020,414.58
2020,8,2020.625,8/1/2020,412.75
2020,9,2020.7083,9/1/2020,411.49
2020,10,2020.7917,10/1/2020,411.48
2020,11,2020.875,11/1/2020,413.1
2020,12,2020.9583,12/1/2020,414.23
2021,1,2021.0417,1/1/2021,415.49
2021,2,2021.125,2/1/2021,416.72
2021,3,2021.2083,3/1/2021,417.61
2021,4,2021.2917,4/1/2021,419.01
2021,5,2021.375,5/1/2021,419.09
2021,6,2021.4583,6/1/2021,418.92
2021,7,2021.5417,7/1/2021,416.9
2021,8,2021.625,8/1/2021,414.42
2021,9,2021.7083,9/1/2021,413.26
2021,10,2021.7917,10/1/2021,413.9
2021,11,2021.875,11/1/2021,414.97
2021,12,2021.9583,12/1/2021,416.67
2022,1,2022.0417,1/1/2022,418.13
2022,2,2022.125,2/1/2022,419.24
2022,3,2022.2083,3/1/2022,418.76
2022,4,2022.2917,4/1/2022,420.19
2022,5,2022.375,5/1/2022,420.97
2022,6,2022.4583,6/1/2022,420.94
2022,7,2022.5417,7/1/2022,418.85
2022,8,2022.625,8/1/2022,417.15
2022,9,2022.7083,9/1/2022,415.91
2022,10,2022.7917,10/1/2022,415.74
2022,11,2022.875,11/1/2022,417.47
2022,12,2022.9583,12/1/2022,418.99
2023,1,2023.0417,1/1/2023,419.48
2023,2,2023.125,2/1/2023,420.3
2023,3,2023.2083,3/1/2023,420.99
2023,4,2023.2917,4/1/2023,423.35
2023,5,2023.375,5/1/2023,424
2023,6,2023.4583,6/1/2023,423.68
2023,7,2023.5417,7/1/2023,421.83
2023,8,2023.625,8/1/2023,419.68
2023,9,2023.7083,9/1/2023,418.51
2023,10,2023.7917,10/1/2023,418.82
2023,11,2023.875,11/1/2023,420.46
2023,12,2023.9583,12/1/2023,421.86
2024,1,2024.0417,1/1/2024,422.8
2024,2,2024.125,2/1/2024,424.55
