date,exuseu
1/8/1999,1.1687
1/15/1999,1.1612
1/22/1999,1.1586
1/29/1999,1.1478
2/5/1999,1.1312
2/12/1999,1.1302
2/19/1999,1.1179
2/26/1999,1.1013
3/5/1999,1.0875
3/12/1999,1.092
3/19/1999,1.0955
3/26/1999,1.0874
4/2/1999,1.0764
4/9/1999,1.079
4/16/1999,1.0761
4/23/1999,1.0616
4/30/1999,1.0602
5/7/1999,1.069
5/14/1999,1.069
5/21/1999,1.0638
5/28/1999,1.0502
6/4/1999,1.0372
6/11/1999,1.0435
6/18/1999,1.0366
6/25/1999,1.0356
7/2/1999,1.03
7/9/1999,1.0214
7/16/1999,1.0191
7/23/1999,1.0431
7/30/1999,1.0667
8/6/1999,1.0734
8/13/1999,1.0662
8/20/1999,1.0577
8/27/1999,1.0484
9/3/1999,1.058
9/10/1999,1.0529
9/17/1999,1.0402
9/24/1999,1.045
10/1/1999,1.0583
10/8/1999,1.069
10/15/1999,1.0795
10/22/1999,1.0789
10/29/1999,1.0563
11/5/1999,1.0465
11/12/1999,1.0379
11/19/1999,1.0328
11/26/1999,1.0225
12/3/1999,1.0055
12/10/1999,1.0211
12/17/1999,1.0102
12/24/1999,1.0106
12/31/1999,1.0069
1/7/2000,1.0283
1/14/2000,1.0251
1/21/2000,1.0117
1/28/2000,0.9945
2/4/2000,0.9781
2/11/2000,0.9854
2/18/2000,0.9834
2/25/2000,0.9943
3/3/2000,0.965
3/10/2000,0.9616
3/17/2000,0.9678
3/24/2000,0.9687
3/31/2000,0.959
4/7/2000,0.9593
4/14/2000,0.9564
4/21/2000,0.943
4/28/2000,0.921
5/5/2000,0.8988
5/12/2000,0.9034
5/19/2000,0.9002
5/26/2000,0.9109
6/2/2000,0.9345
6/9/2000,0.9543
6/16/2000,0.9586
6/23/2000,0.9478
6/30/2000,0.9466
7/7/2000,0.9521
7/14/2000,0.9426
7/21/2000,0.9309
7/28/2000,0.9339
8/4/2000,0.915
8/11/2000,0.9048
8/18/2000,0.9107
8/25/2000,0.9002
9/1/2000,0.8953
9/8/2000,0.8746
9/15/2000,0.861
9/22/2000,0.857
9/29/2000,0.8804
10/6/2000,0.8728
10/13/2000,0.8652
10/20/2000,0.8439
10/27/2000,0.8335
11/3/2000,0.8542
11/10/2000,0.8585
11/17/2000,0.856
11/24/2000,0.8437
12/1/2000,0.8617
12/8/2000,0.8857
12/15/2000,0.8828
12/22/2000,0.9046
12/29/2000,0.931
1/5/2001,0.948
1/12/2001,0.9455
1/19/2001,0.9372
1/26/2001,0.9291
2/2/2001,0.9299
2/9/2001,0.9296
2/16/2001,0.9181
2/23/2001,0.9084
3/2/2001,0.9213
3/9/2001,0.9294
3/16/2001,0.9111
3/23/2001,0.8963
3/30/2001,0.887
4/6/2001,0.8949
4/13/2001,0.8913
4/20/2001,0.8887
4/27/2001,0.8963
5/4/2001,0.8912
5/11/2001,0.8832
5/18/2001,0.8796
5/25/2001,0.8633
6/1/2001,0.8508
6/8/2001,0.8483
6/15/2001,0.8533
6/22/2001,0.8558
6/29/2001,0.856
7/6/2001,0.8442
7/13/2001,0.854
7/20/2001,0.864
7/27/2001,0.8748
8/3/2001,0.879
8/10/2001,0.8836
8/17/2001,0.9085
8/24/2001,0.9144
8/31/2001,0.9108
9/7/2001,0.8938
9/14/2001,0.9086
9/21/2001,0.9219
9/28/2001,0.9174
10/5/2001,0.916
10/12/2001,0.9089
10/19/2001,0.905
10/26/2001,0.8922
11/2/2001,0.9034
11/9/2001,0.8956
11/16/2001,0.8826
11/23/2001,0.8791
11/30/2001,0.8865
12/7/2001,0.8894
12/14/2001,0.8951
12/21/2001,0.8978
12/28/2001,0.8804
1/4/2002,0.8968
1/11/2002,0.8914
1/18/2002,0.8865
1/25/2002,0.8778
2/1/2002,0.8621
2/8/2002,0.8693
2/15/2002,0.8744
2/22/2002,0.8735
3/1/2002,0.8669
3/8/2002,0.8745
3/15/2002,0.8787
3/22/2002,0.8819
3/29/2002,0.8738
4/5/2002,0.8795
4/12/2002,0.8792
4/19/2002,0.8862
4/26/2002,0.8929
5/3/2002,0.9051
5/10/2002,0.9112
5/17/2002,0.9103
5/24/2002,0.9224
5/31/2002,0.9328
6/7/2002,0.9422
6/14/2002,0.945
6/21/2002,0.9564
6/28/2002,0.9809
7/5/2002,0.982
7/12/2002,0.9906
7/19/2002,1.0092
7/26/2002,0.9971
8/2/2002,0.9836
8/9/2002,0.9718
8/16/2002,0.9817
8/23/2002,0.9755
8/30/2002,0.98
9/6/2002,0.9909
9/13/2002,0.9759
9/20/2002,0.9771
9/27/2002,0.9792
10/4/2002,0.9854
10/11/2002,0.9839
10/18/2002,0.9765
10/25/2002,0.9759
11/1/2002,0.9876
11/8/2002,1.003
11/15/2002,1.007
11/22/2002,1.0033
11/29/2002,0.9919
12/6/2002,0.9993
12/13/2002,1.0132
12/20/2002,1.0243
12/27/2002,1.0323
1/3/2003,1.0431
1/10/2003,1.0467
1/17/2003,1.0582
1/24/2003,1.075
1/31/2003,1.0809
2/7/2003,1.0821
2/14/2003,1.0767
2/21/2003,1.0765
2/28/2003,1.0781
3/7/2003,1.0939
3/14/2003,1.0942
3/21/2003,1.0596
3/28/2003,1.0693
4/4/2003,1.0803
4/11/2003,1.0716
4/18/2003,1.0847
4/25/2003,1.097
5/2/2003,1.1125
5/9/2003,1.1383
5/16/2003,1.1511
5/23/2003,1.1713
5/30/2003,1.1799
6/6/2003,1.1744
6/13/2003,1.1758
6/20/2003,1.1732
6/27/2003,1.1498
7/4/2003,1.1527
7/11/2003,1.1322
7/18/2003,1.1229
7/25/2003,1.1422
8/1/2003,1.1363
8/8/2003,1.1351
8/15/2003,1.1295
8/22/2003,1.1041
8/29/2003,1.0915
9/5/2003,1.0922
9/12/2003,1.12
9/19/2003,1.1259
9/26/2003,1.1479
10/3/2003,1.165
10/10/2003,1.176
10/17/2003,1.1668
10/24/2003,1.1756
10/31/2003,1.1685
11/7/2003,1.1469
11/14/2003,1.1654
11/21/2003,1.1871
11/28/2003,1.1867
12/5/2003,1.2073
12/12/2003,1.2222
12/19/2003,1.2351
12/26/2003,1.2432
1/2/2004,1.2549
1/9/2004,1.2748
1/16/2004,1.2649
1/23/2004,1.2632
1/30/2004,1.2531
2/6/2004,1.2568
2/13/2004,1.2754
2/20/2004,1.2727
2/27/2004,1.253
3/5/2004,1.2271
3/12/2004,1.2297
3/19/2004,1.2274
3/26/2004,1.2231
4/2/2004,1.222
4/9/2004,1.2092
4/16/2004,1.1974
4/23/2004,1.1889
4/30/2004,1.1906
5/7/2004,1.2031
5/14/2004,1.1848
5/21/2004,1.1986
5/28/2004,1.2136
6/4/2004,1.2231
6/11/2004,1.2162
6/18/2004,1.2075
6/25/2004,1.2121
7/2/2004,1.2192
7/9/2004,1.2363
7/16/2004,1.2381
7/23/2004,1.2285
7/30/2004,1.2068
8/6/2004,1.2093
8/13/2004,1.2273
8/20/2004,1.2331
8/27/2004,1.2099
9/3/2004,1.2125
9/10/2004,1.2182
9/17/2004,1.2198
9/24/2004,1.225
10/1/2004,1.2348
10/8/2004,1.2318
10/15/2004,1.2366
10/22/2004,1.2585
10/29/2004,1.2754
11/5/2004,1.281
11/12/2004,1.2941
11/19/2004,1.2999
11/26/2004,1.3147
12/3/2004,1.3302
12/10/2004,1.3324
12/17/2004,1.332
12/24/2004,1.3438
12/31/2004,1.3595
1/7/2005,1.3262
1/14/2005,1.3173
1/21/2005,1.3022
1/28/2005,1.3028
2/4/2005,1.2993
2/11/2005,1.282
2/18/2005,1.3024
2/25/2005,1.321
3/4/2005,1.3193
3/11/2005,1.3361
3/18/2005,1.3354
3/25/2005,1.3058
4/1/2005,1.292
4/8/2005,1.2873
4/15/2005,1.2902
4/22/2005,1.3062
4/29/2005,1.2944
5/6/2005,1.289
5/13/2005,1.2774
5/20/2005,1.2623
5/27/2005,1.257
6/3/2005,1.2269
6/10/2005,1.2242
6/17/2005,1.2102
6/24/2005,1.2109
7/1/2005,1.2077
7/8/2005,1.1924
7/15/2005,1.2096
7/22/2005,1.2063
7/29/2005,1.2072
8/5/2005,1.229
8/12/2005,1.2383
8/19/2005,1.2264
8/26/2005,1.2264
9/2/2005,1.2353
9/9/2005,1.2439
9/16/2005,1.2253
9/23/2005,1.2154
9/30/2005,1.2028
10/7/2005,1.2013
10/14/2005,1.2017
10/21/2005,1.1981
10/28/2005,1.2083
11/4/2005,1.1972
11/11/2005,1.1764
11/18/2005,1.1696
11/25/2005,1.1749
12/2/2005,1.1756
12/9/2005,1.1789
12/16/2005,1.1983
12/23/2005,1.188
12/30/2005,1.1855
1/6/2006,1.208
1/13/2006,1.208
1/20/2006,1.2092
1/27/2006,1.2235
2/3/2006,1.2092
2/10/2006,1.1953
2/17/2006,1.1894
2/24/2006,1.1906
3/3/2006,1.1943
3/10/2006,1.1922
3/17/2006,1.2072
3/24/2006,1.2072
3/31/2006,1.2079
4/7/2006,1.2196
4/14/2006,1.2107
4/21/2006,1.231
4/28/2006,1.248
5/5/2006,1.2661
5/12/2006,1.2802
5/19/2006,1.2782
5/26/2006,1.2791
6/2/2006,1.2859
6/9/2006,1.2773
6/16/2006,1.2606
6/23/2006,1.2583
6/30/2006,1.2598
7/7/2006,1.2775
7/14/2006,1.2705
7/21/2006,1.2582
7/28/2006,1.2663
8/4/2006,1.2803
8/11/2006,1.2823
8/18/2006,1.2813
8/25/2006,1.2808
9/1/2006,1.2801
9/8/2006,1.2757
9/15/2006,1.2697
9/22/2006,1.2716
9/29/2006,1.2703
10/6/2006,1.2689
10/13/2006,1.2532
10/20/2006,1.2561
10/27/2006,1.2619
11/3/2006,1.2749
11/10/2006,1.2798
11/17/2006,1.2812
11/24/2006,1.2911
12/1/2006,1.3201
12/8/2006,1.3294
12/15/2006,1.3188
12/22/2006,1.3151
12/29/2006,1.3153
1/5/2007,1.3139
1/12/2007,1.2958
1/19/2007,1.2944
1/26/2007,1.2967
2/2/2007,1.2976
2/9/2007,1.2992
2/16/2007,1.3078
2/23/2007,1.314
3/2/2007,1.3198
3/9/2007,1.3119
3/16/2007,1.3234
3/23/2007,1.3311
3/30/2007,1.3347
4/6/2007,1.3381
4/13/2007,1.3448
4/20/2007,1.358
4/27/2007,1.3613
5/4/2007,1.3602
5/11/2007,1.3546
5/18/2007,1.3535
5/25/2007,1.3457
6/1/2007,1.3449
6/8/2007,1.3464
6/15/2007,1.3331
6/22/2007,1.3416
6/29/2007,1.3467
7/6/2007,1.3615
7/13/2007,1.3732
7/20/2007,1.3803
7/27/2007,1.3746
8/3/2007,1.371
8/10/2007,1.3746
8/17/2007,1.3516
8/24/2007,1.3538
8/31/2007,1.3647
9/7/2007,1.3677
9/14/2007,1.3854
9/21/2007,1.3969
9/28/2007,1.4139
10/5/2007,1.4162
10/12/2007,1.416
10/19/2007,1.4229
10/26/2007,1.4262
11/2/2007,1.4443
11/9/2007,1.4609
11/16/2007,1.464
11/23/2007,1.4786
11/30/2007,1.4777
12/7/2007,1.4677
12/14/2007,1.4628
12/21/2007,1.4364
12/28/2007,1.4557
1/4/2008,1.4716
1/11/2008,1.4718
1/18/2008,1.4734
1/25/2008,1.4648
2/1/2008,1.4806
2/8/2008,1.4623
2/15/2008,1.4595
2/22/2008,1.4761
2/29/2008,1.504
3/7/2008,1.5275
3/14/2008,1.5476
3/21/2008,1.5611
3/28/2008,1.5661
4/4/2008,1.5688
4/11/2008,1.5752
4/18/2008,1.5854
4/25/2008,1.5818
5/2/2008,1.5542
5/9/2008,1.5453
5/16/2008,1.5519
5/23/2008,1.5688
5/30/2008,1.5612
6/6/2008,1.555
6/13/2008,1.5508
6/20/2008,1.5524
6/27/2008,1.5628
7/4/2008,1.5776
7/11/2008,1.5742
7/18/2008,1.588
7/25/2008,1.5748
8/1/2008,1.561
8/8/2008,1.5367
8/15/2008,1.4862
8/22/2008,1.477
8/29/2008,1.47
9/5/2008,1.4411
9/12/2008,1.4086
9/19/2008,1.4262
9/26/2008,1.4666
10/3/2008,1.4038
10/10/2008,1.3591
10/17/2008,1.3526
10/24/2008,1.2954
10/31/2008,1.2661
11/7/2008,1.2862
11/14/2008,1.2644
11/21/2008,1.2613
11/28/2008,1.2861
12/5/2008,1.2704
12/12/2008,1.3109
12/19/2008,1.4001
12/26/2008,1.3986
1/2/2009,1.4046
1/9/2009,1.359
1/16/2009,1.3211
1/23/2009,1.2905
1/30/2009,1.3064
2/6/2009,1.2877
2/13/2009,1.2925
2/20/2009,1.2621
2/27/2009,1.2729
3/6/2009,1.2595
3/13/2009,1.277
3/20/2009,1.3275
3/27/2009,1.35
4/3/2009,1.3307
4/10/2009,1.3245
4/17/2009,1.3208
4/24/2009,1.3044
5/1/2009,1.3206
5/8/2009,1.3392
5/15/2009,1.3603
5/22/2009,1.3737
5/29/2009,1.3998
6/5/2009,1.4167
6/12/2009,1.4003
6/19/2009,1.3898
6/26/2009,1.3981
7/3/2009,1.4055
7/10/2009,1.3941
7/17/2009,1.4059
7/24/2009,1.4221
7/31/2009,1.4161
8/7/2009,1.4349
8/14/2009,1.42
8/21/2009,1.4193
8/28/2009,1.4306
9/4/2009,1.4278
9/11/2009,1.4556
9/18/2009,1.4673
9/25/2009,1.4723
10/2/2009,1.4591
10/9/2009,1.4712
10/16/2009,1.4893
10/23/2009,1.4979
10/30/2009,1.482
11/6/2009,1.4803
11/13/2009,1.4928
11/20/2009,1.4914
11/27/2009,1.4988
12/4/2009,1.5024
12/11/2009,1.4721
12/18/2009,1.4467
12/25/2009,1.4318
1/1/2010,1.4349
1/8/2010,1.4379
1/15/2010,1.4481
1/22/2010,1.4156
1/29/2010,1.4025
2/5/2010,1.3827
2/12/2010,1.3696
2/19/2010,1.3617
2/26/2010,1.3568
3/5/2010,1.3598
3/12/2010,1.3657
3/19/2010,1.3656
3/26/2010,1.3431
4/2/2010,1.3491
4/9/2010,1.3411
4/16/2010,1.3574
4/23/2010,1.3389
4/30/2010,1.3248
5/7/2010,1.2904
5/14/2010,1.2635
5/21/2010,1.2384
5/28/2010,1.233
6/4/2010,1.2166
6/11/2010,1.2037
6/18/2010,1.233
6/25/2010,1.2324
7/2/2010,1.2367
7/9/2010,1.2641
7/16/2010,1.2772
7/23/2010,1.2893
7/30/2010,1.3019
8/6/2010,1.3202
8/13/2010,1.2974
8/20/2010,1.2825
8/27/2010,1.2694
9/3/2010,1.2782
9/10/2010,1.2722
9/17/2010,1.3007
9/24/2010,1.3283
10/1/2010,1.361
10/8/2010,1.3858
10/15/2010,1.3969
10/22/2010,1.3926
10/29/2010,1.3894
11/5/2010,1.4037
11/12/2010,1.3805
11/19/2010,1.3592
11/26/2010,1.3398
12/3/2010,1.3174
12/10/2010,1.3258
12/17/2010,1.329
12/24/2010,1.3111
12/31/2010,1.318
1/7/2011,1.3164
1/14/2011,1.3136
1/21/2011,1.348
1/28/2011,1.3656
2/4/2011,1.3705
2/11/2011,1.3618
2/18/2011,1.356
2/25/2011,1.3743
3/4/2011,1.3881
3/11/2011,1.3896
3/18/2011,1.4005
3/25/2011,1.4173
4/1/2011,1.4137
4/8/2011,1.4302
4/15/2011,1.4459
4/22/2011,1.4435
4/29/2011,1.4693
5/6/2011,1.4736
5/13/2011,1.426
5/20/2011,1.4214
5/27/2011,1.412
6/3/2011,1.4459
6/10/2011,1.4556
6/17/2011,1.4309
6/24/2011,1.4295
7/1/2011,1.4422
7/8/2011,1.435
7/15/2011,1.4111
7/22/2011,1.4225
7/29/2011,1.4383
8/5/2011,1.4214
8/12/2011,1.4229
8/19/2011,1.4407
8/26/2011,1.4412
9/2/2011,1.4367
9/9/2011,1.3918
9/16/2011,1.3733
9/23/2011,1.3604
9/30/2011,1.3568
10/7/2011,1.3365
10/14/2011,1.3763
10/21/2011,1.3762
10/28/2011,1.4003
11/4/2011,1.3786
11/11/2011,1.3681
11/18/2011,1.3539
11/25/2011,1.3404
12/2/2011,1.3401
12/9/2011,1.3388
12/16/2011,1.3058
12/23/2011,1.3044
12/30/2011,1.2981
1/6/2012,1.2874
1/13/2012,1.2743
1/20/2012,1.2863
1/27/2012,1.3072
2/3/2012,1.3126
2/10/2012,1.3222
2/17/2012,1.3141
2/24/2012,1.3319
3/2/2012,1.3349
3/9/2012,1.3171
3/16/2012,1.3103
3/23/2012,1.3222
3/30/2012,1.3313
4/6/2012,1.3188
4/13/2012,1.3102
4/20/2012,1.3131
4/27/2012,1.3205
5/4/2012,1.3169
5/11/2012,1.2983
5/18/2012,1.2755
5/25/2012,1.2635
6/1/2012,1.2419
6/8/2012,1.2503
6/15/2012,1.2564
6/22/2012,1.2621
6/29/2012,1.2502
7/6/2012,1.2468
7/13/2012,1.2246
7/20/2012,1.2239
7/27/2012,1.2194
8/3/2012,1.2281
8/10/2012,1.2357
8/17/2012,1.2325
8/24/2012,1.2481
8/31/2012,1.2538
9/7/2012,1.2648
9/14/2012,1.292
9/21/2012,1.3036
9/28/2012,1.2887
10/5/2012,1.2964
10/12/2012,1.291
10/19/2012,1.3049
10/26/2012,1.2975
11/2/2012,1.2926
11/9/2012,1.2764
11/16/2012,1.2739
11/23/2012,1.2849
11/30/2012,1.2958
12/7/2012,1.3027
12/14/2012,1.3034
12/21/2012,1.3209
12/28/2012,1.3214
1/4/2013,1.3135
1/11/2013,1.3164
1/18/2013,1.3335
1/25/2013,1.3362
2/1/2013,1.3557
2/8/2013,1.3474
2/15/2013,1.3402
2/22/2013,1.3277
3/1/2013,1.3079
3/8/2013,1.3019
3/15/2013,1.3007
3/22/2013,1.2944
3/29/2013,1.2836
4/5/2013,1.2884
4/12/2013,1.3076
4/19/2013,1.3082
4/26/2013,1.3017
5/3/2013,1.3126
5/10/2013,1.3078
5/17/2013,1.2905
5/24/2013,1.2901
5/31/2013,1.2961
6/7/2013,1.315
6/14/2013,1.3302
6/21/2013,1.3296
6/28/2013,1.3041
7/5/2013,1.2978
7/12/2013,1.2915
7/19/2013,1.3099
7/26/2013,1.3227
8/2/2013,1.3259
8/9/2013,1.3322
8/16/2013,1.328
8/23/2013,1.3379
8/30/2013,1.3301
9/6/2013,1.3166
9/13/2013,1.3282
9/20/2013,1.3421
9/27/2013,1.3513
10/4/2013,1.3577
10/11/2013,1.3552
10/18/2013,1.3585
10/25/2013,1.3768
11/1/2013,1.3682
11/8/2013,1.3453
11/15/2013,1.3458
11/22/2013,1.3503
11/29/2013,1.3557
12/6/2013,1.3613
12/13/2013,1.3753
12/20/2013,1.3722
12/27/2013,1.3708
1/3/2014,1.3718
1/10/2014,1.3619
1/17/2014,1.3617
1/24/2014,1.3617
1/31/2014,1.3611
2/7/2014,1.3553
2/14/2014,1.365
2/21/2014,1.3733
2/28/2014,1.3738
3/7/2014,1.3789
3/14/2014,1.39
3/21/2014,1.3863
3/28/2014,1.377
4/4/2014,1.3751
4/11/2014,1.3831
4/18/2014,1.382
4/25/2014,1.3815
5/2/2014,1.3851
5/9/2014,1.387
5/16/2014,1.3722
5/23/2014,1.3671
5/30/2014,1.3616
6/6/2014,1.3621
6/13/2014,1.3548
6/20/2014,1.3579
6/27/2014,1.3612
7/4/2014,1.3659
7/11/2014,1.3609
7/18/2014,1.3554
7/25/2014,1.3471
8/1/2014,1.3411
8/8/2014,1.3382
8/15/2014,1.3375
8/22/2014,1.3297
8/29/2014,1.3183
9/5/2014,1.3036
9/12/2014,1.2931
9/19/2014,1.2927
9/26/2014,1.2782
10/3/2014,1.2627
10/10/2014,1.2644
10/17/2014,1.2751
10/24/2014,1.27
10/31/2014,1.2675
11/7/2014,1.2473
11/14/2014,1.2463
11/21/2014,1.249
11/28/2014,1.246
12/5/2014,1.2384
12/12/2014,1.2403
12/19/2014,1.2381
12/26/2014,1.2207
1/2/2015,1.2117
1/9/2015,1.1863
1/16/2015,1.1706
1/23/2015,1.1459
1/30/2015,1.132
2/6/2015,1.1396
2/13/2015,1.135
2/20/2015,1.1375
2/27/2015,1.1285
3/6/2015,1.1067
3/13/2015,1.0654
3/20/2015,1.0647
3/27/2015,1.0926
4/3/2015,1.0838
4/10/2015,1.0789
4/17/2015,1.0674
4/24/2015,1.0786
5/1/2015,1.108
5/8/2015,1.1238
5/15/2015,1.131
5/22/2015,1.1149
5/29/2015,1.0918
6/5/2015,1.1141
6/12/2015,1.1267
6/19/2015,1.1297
6/26/2015,1.122
7/3/2015,1.1127
7/10/2015,1.1055
7/17/2015,1.0949
7/24/2015,1.0923
7/31/2015,1.1027
8/7/2015,1.0933
8/14/2015,1.1098
8/21/2015,1.1145
8/28/2015,1.1358
9/4/2015,1.1184
9/11/2015,1.1237
9/18/2015,1.1308
9/25/2015,1.1188
10/2/2015,1.1224
10/9/2015,1.1272
10/16/2015,1.1399
10/23/2015,1.1236
10/30/2015,1.1035
11/6/2015,1.089
11/13/2015,1.0736
11/20/2015,1.0677
11/27/2015,1.0617
12/4/2015,1.0708
12/11/2015,1.093
12/18/2015,1.0905
12/25/2015,1.0932
1/1/2016,1.0918
1/8/2016,1.0811
1/15/2016,1.0881
1/22/2016,1.0865
1/29/2016,1.0866
2/5/2016,1.1035
2/12/2016,1.1258
2/19/2016,1.1125
2/26/2016,1.1003
3/4/2016,1.0904
3/11/2016,1.1079
3/18/2016,1.118
3/25/2016,1.1198
4/1/2016,1.1304
4/8/2016,1.1396
4/15/2016,1.1329
4/22/2016,1.1313
4/29/2016,1.1336
5/6/2016,1.1467
5/13/2016,1.1381
5/20/2016,1.1272
5/27/2016,1.1163
6/3/2016,1.1197
6/10/2016,1.1343
6/17/2016,1.1228
6/24/2016,1.1273
7/1/2016,1.1074
7/8/2016,1.1065
7/15/2016,1.108
7/22/2016,1.1016
7/29/2016,1.1043
8/5/2016,1.1157
8/12/2016,1.114
8/19/2016,1.128
8/26/2016,1.1278
9/2/2016,1.1166
9/9/2016,1.1236
9/16/2016,1.123
9/23/2016,1.1194
9/30/2016,1.1232
10/7/2016,1.1186
10/14/2016,1.1025
10/21/2016,1.0953
10/28/2016,1.0906
11/4/2016,1.1068
11/11/2016,1.0977
11/18/2016,1.0681
11/25/2016,1.0593
12/2/2016,1.0616
12/9/2016,1.0673
12/16/2016,1.0546
12/23/2016,1.0432
12/30/2016,1.0471
1/6/2017,1.0513
1/13/2017,1.0588
1/20/2017,1.0669
1/27/2017,1.0718
2/3/2017,1.0765
2/10/2017,1.0687
2/17/2017,1.061
2/24/2017,1.0568
3/3/2017,1.0574
3/10/2017,1.0594
3/17/2017,1.0685
3/24/2017,1.0791
3/31/2017,1.0783
4/7/2017,1.0649
4/14/2017,1.0617
4/21/2017,1.0705
4/28/2017,1.0884
5/5/2017,1.0941
5/12/2017,1.0894
5/19/2017,1.1101
5/26/2017,1.1199
6/2/2017,1.1226
6/9/2017,1.1232
6/16/2017,1.1204
6/23/2017,1.1154
6/30/2017,1.1338
7/7/2017,1.1377
7/14/2017,1.1415
7/21/2017,1.1571
7/28/2017,1.1668
8/4/2017,1.1824
8/11/2017,1.1764
8/18/2017,1.1742
8/25/2017,1.1811
9/1/2017,1.1939
9/8/2017,1.1981
9/15/2017,1.1935
9/22/2017,1.1966
9/29/2017,1.1792
10/6/2017,1.174
10/13/2017,1.1832
10/20/2017,1.179
10/27/2017,1.1722
11/3/2017,1.1636
11/10/2017,1.1604
11/17/2017,1.1757
11/24/2017,1.1802
12/1/2017,1.1891
12/8/2017,1.1801
12/15/2017,1.1769
12/22/2017,1.1844
12/29/2017,1.1936
1/5/2018,1.2046
1/12/2018,1.2004
1/19/2018,1.2237
1/26/2018,1.2361
2/2/2018,1.242
2/9/2018,1.2309
2/16/2018,1.239
2/23/2018,1.2322
3/2/2018,1.2255
3/9/2018,1.2356
3/16/2018,1.2336
3/23/2018,1.2308
3/30/2018,1.2364
4/6/2018,1.2269
4/13/2018,1.2337
4/20/2018,1.2343
4/27/2018,1.2168
5/4/2018,1.1992
5/11/2018,1.1898
5/18/2018,1.184
5/25/2018,1.1728
6/1/2018,1.1641
6/8/2018,1.1747
6/15/2018,1.1726
6/22/2018,1.1601
6/29/2018,1.1643
7/6/2018,1.1673
7/13/2018,1.1711
7/20/2018,1.1666
7/27/2018,1.1675
8/3/2018,1.166
8/10/2018,1.1545
8/17/2018,1.1375
8/24/2018,1.1552
8/31/2018,1.1667
9/7/2018,1.1596
9/14/2018,1.163
9/21/2018,1.171
9/28/2018,1.1719
10/5/2018,1.1532
10/12/2018,1.1537
10/19/2018,1.1547
10/26/2018,1.142
11/2/2018,1.1372
11/9/2018,1.1401
11/16/2018,1.1332
11/23/2018,1.1391
11/30/2018,1.1322
12/7/2018,1.1366
12/14/2018,1.134
12/21/2018,1.1392
12/28/2018,1.1422
1/4/2019,1.1406
1/11/2019,1.1486
1/18/2019,1.1387
1/25/2019,1.137
2/1/2019,1.1442
2/8/2019,1.1381
2/15/2019,1.1287
2/22/2019,1.1336
3/1/2019,1.1369
3/8/2019,1.1281
3/15/2019,1.1288
3/22/2019,1.1336
3/29/2019,1.1264
4/5/2019,1.1214
4/12/2019,1.1274
4/19/2019,1.1276
4/26/2019,1.1191
5/3/2019,1.1197
5/10/2019,1.121
5/17/2019,1.1198
5/24/2019,1.1171
5/31/2019,1.1151
6/7/2019,1.126
6/14/2019,1.1286
6/21/2019,1.1251
6/28/2019,1.1383
7/5/2019,1.1275
7/12/2019,1.1239
7/19/2019,1.123
7/26/2019,1.1158
8/2/2019,1.1119
8/9/2019,1.1212
8/16/2019,1.1147
8/23/2019,1.1105
8/30/2019,1.1068
9/6/2019,1.1018
9/13/2019,1.1049
9/20/2019,1.1036
9/27/2019,1.0964
10/4/2019,1.0951
10/11/2019,1.0994
10/18/2019,1.1099
10/25/2019,1.1116
11/1/2019,1.1132
11/8/2019,1.1071
11/15/2019,1.1021
11/22/2019,1.1063
11/29/2019,1.1011
12/6/2019,1.1079
12/13/2019,1.1098
12/20/2019,1.1121
12/27/2019,1.1113
1/3/2020,1.1196
1/10/2020,1.1133
1/17/2020,1.113
1/24/2020,1.1062
1/31/2020,1.1029
2/7/2020,1.1008
2/14/2020,1.0883
2/21/2020,1.0815
2/28/2020,1.0918
3/6/2020,1.1198
3/13/2020,1.1238
3/20/2020,1.0865
3/27/2020,1.0895
4/3/2020,1.0925
4/10/2020,1.0888
4/17/2020,1.0902
4/24/2020,1.0834
5/1/2020,1.089
5/8/2020,1.0846
5/15/2020,1.0827
5/22/2020,1.0934
5/29/2020,1.1029
6/5/2020,1.1231
6/12/2020,1.1325
6/19/2020,1.1231
6/26/2020,1.1258
7/3/2020,1.1243
7/10/2020,1.131
7/17/2020,1.1409
7/24/2020,1.1556
7/31/2020,1.1773
8/7/2020,1.1809
8/14/2020,1.1793
8/21/2020,1.1866
8/28/2020,1.1832
9/4/2020,1.1878
9/11/2020,1.1828
9/18/2020,1.1847
9/25/2020,1.168
10/2/2020,1.1712
10/9/2020,1.178
10/16/2020,1.1728
10/23/2020,1.183
10/30/2020,1.1741
11/6/2020,1.1757
11/13/2020,1.1815
11/20/2020,1.1855
11/27/2020,1.1869
12/4/2020,1.2075
12/11/2020,1.2112
12/18/2020,1.2194
12/25/2020,1.2199
1/1/2021,1.2244
1/8/2021,1.2271
1/15/2021,1.215
1/22/2021,1.2149
1/29/2021,1.2129
2/5/2021,1.2025
2/12/2021,1.2107
2/19/2021,1.2091
2/26/2021,1.2152
3/5/2021,1.2033
3/12/2021,1.1913
3/19/2021,1.191
3/26/2021,1.1842
4/2/2021,1.1756
4/9/2021,1.1871
4/16/2021,1.1953
4/23/2021,1.2037
4/30/2021,1.208
5/7/2021,1.2058
5/14/2021,1.2125
5/21/2021,1.2195
5/28/2021,1.2207
6/4/2021,1.2187
6/11/2021,1.2168
6/18/2021,1.203
6/25/2021,1.1927
7/2/2021,1.1879
7/9/2021,1.183
7/16/2021,1.1823
7/23/2021,1.1782
7/30/2021,1.184
8/6/2021,1.1834
8/13/2021,1.1748
8/20/2021,1.1715
8/27/2021,1.1758
9/3/2021,1.1837
9/10/2021,1.1829
9/17/2021,1.1788
9/24/2021,1.1728
10/1/2021,1.1634
10/8/2021,1.1582
10/15/2021,1.1574
10/22/2021,1.1632
10/29/2021,1.1607
11/5/2021,1.1571
11/12/2021,1.1535
11/19/2021,1.135
11/26/2021,1.1256
12/3/2021,1.1297
12/10/2021,1.1291
12/17/2021,1.1282
12/24/2021,1.1304
12/31/2021,1.1325
1/7/2022,1.1317
1/14/2022,1.14
1/21/2022,1.1341
1/28/2022,1.1235
2/4/2022,1.1326
2/11/2022,1.1435
2/18/2022,1.1348
2/25/2022,1.1268
3/4/2022,1.1079
3/11/2022,1.0951
3/18/2022,1.1021
3/25/2022,1.1012
4/1/2022,1.1076
4/8/2022,1.092
4/15/2022,1.0842
4/22/2022,1.0812
4/29/2022,1.059
5/6/2022,1.0534
5/13/2022,1.0483
5/20/2022,1.0518
5/27/2022,1.0701
6/3/2022,1.0708
6/10/2022,1.0663
6/17/2022,1.0449
6/24/2022,1.0543
7/1/2022,1.0498
7/8/2022,1.0191
7/15/2022,1.0071
7/22/2022,1.0207
7/29/2022,1.016
8/5/2022,1.02
8/12/2022,1.0273
8/19/2022,1.0135
8/26/2022,0.9967
9/2/2022,1.0013
9/9/2022,0.9965
9/16/2022,1.0025
9/23/2022,0.9887
9/30/2022,0.9695
10/7/2022,0.9849
10/14/2022,0.9742
10/21/2022,0.9829
10/28/2022,0.9964
11/4/2022,0.9857
11/11/2022,1.0075
11/18/2022,1.0359
11/25/2022,1.032
12/2/2022,1.0417
12/9/2022,1.052
12/16/2022,1.0616
12/23/2022,1.0613
12/30/2022,1.0661
1/6/2023,1.058
1/13/2023,1.0774
1/20/2023,1.0815
1/27/2023,1.0872
2/3/2023,1.0877
2/10/2023,1.0718
2/17/2023,1.0697
2/24/2023,1.0602
3/3/2023,1.0617
3/10/2023,1.061
3/17/2023,1.0652
3/24/2023,1.0787
3/31/2023,1.0846
4/7/2023,1.092
4/14/2023,1.0953
4/21/2023,1.0954
4/28/2023,1.1021
5/5/2023,1.101
5/12/2023,1.0942
5/19/2023,1.0833
5/26/2023,1.0755
6/2/2023,1.0713
6/9/2023,1.0729
6/16/2023,1.0851
6/23/2023,1.0923
6/30/2023,1.0915
7/7/2023,1.0906
7/14/2023,1.1107
7/21/2023,1.1182
7/28/2023,1.105
8/4/2023,1.0983
8/11/2023,1.098
8/18/2023,1.0901
8/25/2023,1.0842
9/1/2023,1.0843
9/8/2023,1.0714
9/15/2023,1.0708
9/22/2023,1.0684
9/29/2023,1.0567
10/6/2023,1.0519
10/13/2023,1.0573
10/20/2023,1.0567
10/27/2023,1.059
11/3/2023,1.0615
11/10/2023,1.0715
11/17/2023,1.0829
11/24/2023,1.0918
12/1/2023,1.094
12/8/2023,1.0788
12/15/2023,1.0847
12/22/2023,1.097
12/29/2023,1.1071
1/5/2024,1.0945
1/12/2024,1.0955
1/19/2024,1.0873
1/26/2024,1.0866
2/2/2024,1.0832
2/9/2024,1.0762
2/16/2024,1.0752
2/23/2024,1.0819
